species_id,common_name,file,source,licence
monstera-deliciosa,Monstera,img/species/monstera-deliciosa.webp,https://www.pexels.com/photo/monstera-deliciosa-plant-in-white-pot-32293880/,Pexels License https://www.pexels.com/license/
epipremnum-aureum,Golden Pothos,img/species/epipremnum-aureum.webp,https://www.pexels.com/photo/golden-pothos-in-black-pot-11838530/,Pexels License https://www.pexels.com/license/
dracaena-trifasciata,Snake Plant,img/species/dracaena-trifasciata.webp,https://www.pexels.com/photo/green-snake-plant-in-close-up-shot-7663963/,Pexels License https://www.pexels.com/license/
zamioculcas-zamiifolia,ZZ Plant,img/species/zamioculcas-zamiifolia.webp,https://www.pexels.com/photo/zz-house-plant-with-white-background-5533421/,Pexels License https://www.pexels.com/license/
philodendron-hederaceum,Heartleaf Philodendron,img/species/philodendron-hederaceum.webp,https://www.pexels.com/photo/heartleaf-philodendron-growing-in-a-pot-on-a-shelf-17665056/,Pexels License https://www.pexels.com/license/
chlorophytum-comosum,Spider Plant,img/species/chlorophytum-comosum.webp,https://www.pexels.com/photo/chlorophytum-comosum-in-modern-pot-5331924/,Pexels License https://www.pexels.com/license/
aspidistra-elatior,Cast Iron Plant,img/species/aspidistra-elatior.webp,Pexels (link not recorded),Pexels License https://www.pexels.com/license/
aglaonema-commutatum,Chinese Evergreen,img/species/aglaonema-commutatum.webp,Pexels (link not recorded),Pexels License https://www.pexels.com/license/
pilea-peperomioides,Chinese Money Plant,img/species/pilea-peperomioides.webp,https://www.pexels.com/photo/green-plant-on-white-ceramic-pot-6964562/,Pexels License https://www.pexels.com/license/
peperomia-obtusifolia,Baby Rubber Plant,img/species/peperomia-obtusifolia.webp,Pexels (link not recorded),Pexels License https://www.pexels.com/license/
ficus-lyrata,Fiddle Leaf Fig,img/species/ficus-lyrata.webp,https://www.pexels.com/photo/ficus-lyrata-with-green-leaves-7084308/,Pexels License https://www.pexels.com/license/
ficus-elastica,Rubber Plant,img/species/ficus-elastica.webp,https://www.pexels.com/photo/tropical-ficus-elastica-houseplant-in-cozy-room-4953089/,Pexels License https://www.pexels.com/license/
strelitzia-nicolai,Bird of Paradise,img/species/strelitzia-nicolai.webp,https://www.pexels.com/photo/green-plant-near-the-window-in-the-living-area-14237657/,Pexels License https://www.pexels.com/license/
monstera-adansonii,Swiss Cheese Vine,img/species/monstera-adansonii.webp,https://www.pexels.com/photo/monstera-adansonii-plant-with-coco-pole-32139542/,Pexels License https://www.pexels.com/license/
alocasia-amazonica,African Mask Plant,img/species/alocasia-amazonica.webp,https://www.pexels.com/photo/green-leaves-in-close-up-photography-8155407/,Pexels License https://www.pexels.com/license/
schefflera-arboricola,Umbrella Plant,img/species/schefflera-arboricola.webp,https://www.pexels.com/photo/close-up-of-an-umbrella-plant-15497752/,Pexels License https://www.pexels.com/license/
dracaena-marginata,Dragon Tree,img/species/dracaena-marginata.webp,https://www.pexels.com/photo/indoor-dracaena-marginata-plant-in-modern-pot-35839037/,Pexels License https://www.pexels.com/license/
codiaeum-variegatum,Croton,img/species/codiaeum-variegatum.webp,Pexels (link not recorded),Pexels License https://www.pexels.com/license/
nephrolepis-exaltata,Boston Fern,img/species/nephrolepis-exaltata.webp,https://www.pexels.com/photo/sword-fern-plant-on-pots-3854761/,Pexels License https://www.pexels.com/license/
asplenium-nidus,Bird's Nest Fern,img/species/asplenium-nidus.webp,Pexels (link not recorded),Pexels License https://www.pexels.com/license/
adiantum-raddianum,Maidenhair Fern,img/species/adiantum-raddianum.webp,https://www.pexels.com/photo/a-potted-plant-with-green-leaves-6909716/,Pexels License https://www.pexels.com/license/
calathea-orbifolia,Calathea Orbifolia,img/species/calathea-orbifolia.webp,https://www.pexels.com/photo/vibrant-calathea-orbifolia-houseplant-in-pot-33448610/,Pexels License https://www.pexels.com/license/
maranta-leuconeura,Prayer Plant,img/species/maranta-leuconeura.webp,https://www.pexels.com/photo/close-up-photo-of-green-leafed-plants-2894960/,Pexels License https://www.pexels.com/license/
fittonia-albivenis,Nerve Plant,img/species/fittonia-albivenis.webp,https://www.pexels.com/photo/nerve-plant-in-a-flower-pot-20498722/,Pexels License https://www.pexels.com/license/
chamaedorea-elegans,Parlour Palm,img/species/chamaedorea-elegans.webp,https://www.pexels.com/photo/one-stem-of-a-parlor-palm-plant-also-known-as-chamaedorea-elegans-or-neanthe-bella-palm-placed-vertically-and-isolated-on-a-white-background-19850143/,Pexels License https://www.pexels.com/license/
howea-forsteriana,Kentia Palm,img/species/howea-forsteriana.webp,https://www.pexels.com/photo/green-leaves-of-howea-forsteriana-against-blurred-background-6913617/,Pexels License https://www.pexels.com/license/
spathiphyllum-wallisii,Peace Lily,img/species/spathiphyllum-wallisii.webp,https://www.pexels.com/photo/close-up-of-peace-lily-flower-15783250/,Pexels License https://www.pexels.com/license/
anthurium-andraeanum,Flamingo Flower,img/species/anthurium-andraeanum.webp,https://www.pexels.com/photo/close-up-of-pink-anthurium-flower-against-dark-background-34974900/,Pexels License https://www.pexels.com/license/
aloe-vera,Aloe Vera,img/species/aloe-vera.webp,https://www.pexels.com/photo/close-up-of-dewy-aloe-vera-plant-leaves-36424322/,Pexels License https://www.pexels.com/license/
crassula-ovata,Jade Plant,img/species/crassula-ovata.webp,https://www.pexels.com/photo/close-up-of-vibrant-crassula-ovata-leaves-38712679/,Pexels License https://www.pexels.com/license/
echeveria-elegans,Echeveria,img/species/echeveria-elegans.webp,https://www.pexels.com/photo/close-up-of-a-blueish-succulent-plant-in-natural-light-36968736/,Pexels License https://www.pexels.com/license/
haworthiopsis-attenuata,Zebra Haworthia,img/species/haworthiopsis-attenuata.webp,Pexels (link not recorded),Pexels License https://www.pexels.com/license/
curio-rowleyanus,String of Pearls,img/species/curio-rowleyanus.webp,https://www.pexels.com/photo/hand-touching-curio-rowleyanus-plant-8784674/,Pexels License https://www.pexels.com/license/
schlumbergera-truncata,Christmas Cactus,img/species/schlumbergera-truncata.webp,https://www.pexels.com/photo/close-up-shot-of-a-blooming-schlumbergera-truncata-flowers-14787535/,Pexels License https://www.pexels.com/license/
beaucarnea-recurvata,Ponytail Palm,img/species/beaucarnea-recurvata.webp,https://www.pexels.com/photo/green-plant-in-brown-pot-7212859/,Pexels License https://www.pexels.com/license/
kalanchoe-blossfeldiana,Flaming Katy,img/species/kalanchoe-blossfeldiana.webp,https://www.pexels.com/photo/kalanchoe-blossfeldiana-flowers-18243063/,Pexels License https://www.pexels.com/license/
ceropegia-woodii,String of Hearts,img/species/ceropegia-woodii.webp,https://www.pexels.com/photo/close-up-shot-of-green-leaves-on-wicker-basket-10592221/,Pexels License https://www.pexels.com/license/
hoya-carnosa,Wax Plant,img/species/hoya-carnosa.webp,https://www.pexels.com/photo/delicate-hoya-carnosa-flower-in-soft-focus-35060562/,Pexels License https://www.pexels.com/license/
tradescantia-zebrina,Inch Plant,img/species/tradescantia-zebrina.webp,https://www.pexels.com/photo/close-up-of-tradescantia-zebrina-plant-in-garden-34153101/,Pexels License https://www.pexels.com/license/
syngonium-podophyllum,Arrowhead Plant,img/species/syngonium-podophyllum.webp,https://www.pexels.com/photo/close-up-of-syngonium-leaf-16590808/,Pexels License https://www.pexels.com/license/
hedera-helix,English Ivy,img/species/hedera-helix.webp,https://www.pexels.com/photo/close-up-of-hedera-helix-berries-and-leaves-in-autumn-35271330/,Pexels License https://www.pexels.com/license/
phalaenopsis-orchid,Moth Orchid,img/species/phalaenopsis-orchid.webp,https://www.pexels.com/photo/beautiful-phalaenopsis-orchids-in-bloom-30917683/,Pexels License https://www.pexels.com/license/
saintpaulia-ionantha,African Violet,img/species/saintpaulia-ionantha.webp,Pexels (link not recorded),Pexels License https://www.pexels.com/license/
begonia-maculata,Polka Dot Begonia,img/species/begonia-maculata.webp,https://www.pexels.com/photo/begonia-maculata-houseplant-4499368/,Pexels License https://www.pexels.com/license/
ocimum-basilicum,Basil,img/species/ocimum-basilicum.webp,https://www.pexels.com/photo/lush-green-ocimum-basilicum-herb-garden-29657648/,Pexels License https://www.pexels.com/license/
mentha-spicata,Mint,img/species/mentha-spicata.webp,https://www.pexels.com/photo/spearmint-in-close-up-photography-12109741/,Pexels License https://www.pexels.com/license/
rosmarinus-officinalis,Rosemary,img/species/rosmarinus-officinalis.webp,https://www.pexels.com/photo/green-rosemary-growing-in-the-vegetable-garden-20819672/,Pexels License https://www.pexels.com/license/
tillandsia-ionantha,Air Plant,img/species/tillandsia-ionantha.webp,https://www.pexels.com/photo/macro-shot-of-tillandsia-air-plant-close-up-36761781/,Pexels License https://www.pexels.com/license/
